index,Country,group,ISO Country code,Population,Area,GINI index,Happy Planet Index,Human Development Index,Sustainable Economic Ddevelopment Assessment (SEDA),GDP ($ USD billions PPP),GDP per capita in $ (PPP),Health Expenditure (% of GDP),Education Expenditure (% of GDP),Government Effectiveness,Military Spending (% of GDP),sc_Population,sc_Area,sc_GINI index,sc_Happy Planet Index,sc_Human Development Index,sc_Sustainable Economic Ddevelopment Assessment (SEDA),sc_GDP ($ USD billions PPP),sc_GDP per capita in $ (PPP),sc_Health Expenditure (% of GDP),sc_Education Expenditure (% of GDP),sc_Government Effectiveness,sc_Military Spending (% of GDP),latitude,longitude,code
0,Afghanistan,0,AFG,36000000,652230.0,38.55,29.4,0.478,49.3,76.7,14723.5,6.38,3.915,-1.6,1.545,-0.047743072772216594,-0.04687424928481544,-0.05188890704609396,-2.0034281524754456,-1.5625043151954592,-0.13868342984522472,-0.2588817506232598,-0.33046682061916793,1.0741343344070726,-0.19162809527630575,-1.4923740193207276,-0.23226287279588045,33.93911,67.709953,AF
1,Albania,0,ALB,2900000,27398.0,29.0,51.0,0.796,53.1,40.8,15646.0,8.71,3.1,0.0,1.42,-0.2686036778519791,-0.37233601423843576,-1.269739144877934,0.8641491071268526,0.5096498627973781,0.10409518761218207,-0.2725401801866245,-0.2902020252290887,2.445840454214662,-0.6670441238125706,0.08636532629992001,-0.3360368556083374,41.153332,20.168331,AL
2,Algeria,0,DZA,41000000,2381740.0,35.3,46.5,0.745,45.8,488.9,12037.0,3.0,6.1,-0.6,5.59,-0.014380443606089328,0.8539909066369937,-0.46634055866425955,0.2667371780430405,0.17732324934569643,-0.3622953143454676,-0.10205710811576864,-0.44772576134052056,-0.9157226119232491,1.082953527241165,-0.5056619283078228,3.125863211015227,28.033886,1.659626,DZ
3,Angola,0,AGO,30000000,1246700.0,42.7,44.6,0.586,28.4,203.3,6581.0,5.68,2.42,-1.1,1.13,-0.08777822777156931,0.2627725924454075,0.47733397117402593,0.014496585763208876,-0.8587538396507223,-1.4739658258609605,-0.21071581238587897,-0.685866383181466,0.6620337833919172,-1.0637102580514175,-0.9990179738142752,-0.5767924957332375,-11.202692,17.873887,AO
4,Argentina,0,ARG,44000000,2736690.0,41.7,50.0,0.842,57.3,985.2,23627.0,8.9,4.72,-0.4,0.57,0.0056371338935870315,1.0388768495309038,0.3498103860607442,0.7313909006637832,0.8093954357145805,0.3724294490124732,0.08676402258890842,0.058148470172778056,2.5576963180616326,0.27795460775644654,-0.3083195101052419,-1.0416999387330448,-38.416097,-63.616672,AR
5,Armenia,0,ARM,3000000,28203.0,31.5,54.7,0.759,51.7,39.5,14630.0,4.26,2.71,-0.2,4.44,-0.2679364252686566,-0.3719167067753294,-0.9509301820947298,1.3553544710402097,0.2685501628422365,0.01465043381208503,-0.27303477512903046,-0.3345478595015229,-0.17394162009596947,-0.8945438184495564,-0.11097709190266093,2.171142569140623,40.069099,45.038189,AM
6,Australia,0,AUS,25000000,7682300.0,30.3,43.1,0.951,78.9,1269.2,55807.0,8.74,3.915,1.5,1.98,-0.12114085693769658,3.6149404304170845,-1.1039584842306678,-0.18464072393139516,1.5196621193662132,1.7524342219282583,0.1948139946222114,1.4627242052977092,2.4635019064010253,-0.19162809527630575,1.566433462819277,0.1288705873914698,-25.274398,133.775136,AU
7,Austria,0,AUT,9000000,82445.0,30.5,46.8,0.916,80.3,483.1,58427.0,6.09,3.915,1.6,0.8,-0.22790127026930382,-0.34366319694450403,-1.0784537672080114,0.30656463998196093,1.2915948356248637,1.841878975728355,-0.10426376247419522,1.5770805889530017,0.9034069632722226,-0.19162809527630575,1.6651046719205675,-0.8507558103581239,47.516231,14.550072,AT
8,Azerbaijan,0,AZE,10000000,82629.0,33.7,48.0,0.745,51.1,146.3,15843.0,4.26,2.68,0.2,5.27,-0.22122874443607837,-0.3435673552386512,-0.6703782948455096,0.4658744877376445,0.17732324934569643,-0.02368303210224241,-0.23240189832214048,-0.281603472717603,-0.17394162009596947,-0.9120437949600937,0.28370774450250097,2.8602018150153365,40.143105,47.576927,AZ
9,Bahamas,0,BHS,400000,10010.0,38.55,44.6,0.812,60.4,12.3,34108.0,4.26,2.78,0.5,1.545,-0.28528499243504274,-0.38139305544153285,-0.05188890704609396,0.014496585763208876,0.6139091925077096,0.5704856895698313,-0.2833832231547553,0.5156176522686264,-0.17394162009596947,-0.8537105399249694,0.5797213718063724,-0.23226287279588045,25.03428,-77.39628,BS
10,Bahrain,0,BHR,1300000,760.0,38.55,33.6,0.875,63.9,72.3,45411.0,5.52,2.15,0.7,3.56,-0.27927971918513983,-0.38621118467598464,-0.05188890704609396,-1.445843685330554,1.0244303032421391,0.7940975740700741,-0.26055576427448,1.008965058549456,0.5678393717313102,-1.2212100466462539,0.7770637900089533,1.4405737301409258,25.930414,50.637772,BH
11,Bangladesh,0,BGD,165000000,130170.0,32.1,54.5,0.661,35.3,1001.1,6613.0,5.04,1.33,-0.6,1.27,0.8130127597138669,-0.31880425448891353,-0.8744160310267606,1.3288028297475953,-0.37003823163354327,-1.0331309678461962,0.09281329919218136,-0.684469663991783,0.2852561367494896,-1.699542737934275,-0.5056619283078228,-0.4605656349832857,23.684994,90.356331,BD
12,Barbados,0,BRB,300000,430.0,38.55,44.6,0.79,60.8,3.9,14817.0,7.58,6.45,0.5,1.545,-0.28595224501836525,-0.38638307469191646,-0.05188890704609396,0.014496585763208876,0.4705526141560038,0.596041333512716,-0.2865790673979938,-0.32638578173681304,1.780592421861625,1.2871199198641012,0.5797213718063724,-0.23226287279588045,13.193887,-59.543198,BB
13,Belarus,0,BLR,10000000,202900.0,26.5,42.9,0.808,59.9,184.5,21699.0,2.16,4.95,-0.8,1.16,-0.22122874443607837,-0.28092073673521845,-1.5885481076611383,-0.21119236522400942,0.5878443600801267,0.5385411346412251,-0.21786841616836522,-0.02600386100562054,-1.4102432731414356,0.4121210943372332,-0.7030043465104038,-0.5518867398582479,53.709807,27.953389,BY
14,Belgium,0,BEL,11000000,30278.0,25.9,42.5,0.937,77.5,598.0,58931.0,3.17,3.915,1.1,1.08,-0.21455621860285293,-0.37083588319030375,-1.6650622587291075,-0.264295647809237,1.4284352058696739,1.6629894681281607,-0.06054917871846807,1.5990789161905086,-0.8156410495338543,-0.19162809527630575,1.1717486264141153,-0.6183020888582202,50.503887,4.469936,BE
15,Belize,0,BLZ,400000,22806.0,38.55,44.6,0.683,48.5,2.6,6921.0,4.26,8.71,-0.5,1.25,-0.28528499243504274,-0.37472788985406846,-0.05188890704609396,0.014496585763208876,-0.22668165328183745,-0.18979471773099432,-0.28707366234039977,-0.6710262417910845,-0.17394162009596947,2.605451483657916,-0.40699071920653235,-0.4771694722332788,17.189877,-88.49765,BZ
16,Benin,0,BEN,11000000,110622.0,36.5,41.4,0.525,34.5,42.9,3789.0,2.17,3.0,-0.2,0.56,-0.21455621860285293,-0.32898639397810964,-0.3133122565283211,-0.41032967491861344,-1.2562425341713603,-1.0842422557319658,-0.2717412191258149,-0.8077301324813045,-1.4043561224126477,-0.7253773788476953,-0.11097709190266093,-1.0500018573580412,9.30769,2.315834,BJ
17,Bhutan,0,BTN,800000,38394.0,38.8,36.7,0.666,47.7,8.1,14723.5,2.91,5.68,0.8,1.545,-0.28261598210175254,-0.3666084305560539,-0.020008010767773532,-1.0342932452950389,-0.3374571910990647,-0.24090600561676395,-0.2849811452763745,-0.33046682061916793,-0.9687069684823405,0.837953856093642,0.8757349991102439,-0.23226287279588045,27.514162,90.433601,BT
18,Bolivia,0,BOL,11000000,1083301.0,47.0,45.0,0.692,44.8,97.3,9030.0,5.43,3.915,-0.7,1.54,-0.21455621860285293,0.1776615114961978,1.0256853871611369,0.06759986834843643,-0.1680357803197767,-0.4261844242026798,-0.2510443230743653,-0.5789737176960416,0.5148550151722189,-0.19162809527630575,-0.6043331374091132,-0.23641383210837863,-16.290154,-63.588653,BO
19,Bosnia and Herzegovina,0,BIH,3900000,51187.0,33.8,47.8,0.78,50.2,51.0,16846.0,3.57,3.915,-1.0,0.89,-0.26193115201875367,-0.35994482760509805,-0.6576259363341822,0.4393228464450303,0.4053905330870466,-0.08118323097373334,-0.2686595121769777,-0.23782505561597758,-0.5801550203823369,-0.19162809527630575,-0.9003467647129846,-0.7760385427331549,43.915886,17.679076,BA
20,Botswana,0,BWA,2200000,566730.0,60.5,31.9,0.693,44.1,38.4,17604.0,4.93,8.74,0.4,2.86,-0.2732744459352369,-0.09140938977623479,2.7472537861904405,-1.6715326363177725,-0.161519572212881,-0.4709068011027281,-0.27345327854183554,-0.20474026981036236,0.2204974787328221,2.622951460168453,0.4810501627050819,0.8594394263911668,-22.328474,24.684866,BW
21,Brazil,0,BRA,209000000,8358140.0,49.0,54.6,0.754,51.6,3127.5,16056.0,4.26,3.915,-0.5,1.19,1.106603896375787,3.9669711830453984,1.2807325573877004,1.3420786503939024,0.2359691223077579,0.008261522826363716,0.9018184419091374,-0.2723065606112758,-0.17394162009596947,-0.19162809527630575,-0.40699071920653235,-0.5269809839832582,-14.235004,-51.92528,BR
22,Brunei,0,BRN,400000,5265.0,38.55,44.6,0.829,72.5,26.8,66620.0,2.7,3.915,1.5,3.26,-0.28528499243504274,-0.38386462551909756,-0.05188890704609396,0.014496585763208876,0.7246847303249362,1.3435439188420994,-0.27786658725868874,1.9346843489865182,-1.092337133786887,-0.19162809527630575,1.566433462819277,1.191516171391029,4.535277,114.727669,BN
23,Bulgaria,0,BGR,7000000,108489.0,40.2,40.1,0.795,59.9,161.7,26705.0,4.45,3.915,-0.1,1.59,-0.24124632193575474,-0.3300974285356324,0.15852500839082162,-0.5829153433206032,0.5031336546904824,0.5385411346412251,-0.2265428505428698,0.19249539723040818,-0.0620857562489985,-0.19162809527630575,-0.012305882801370462,-0.19490423898339582,42.733883,25.48583,BG
24,Burkina Faso,0,BFA,19000000,273800.0,39.5,41.5,0.449,33.4,48.2,2462.0,6.71,5.52,-0.7,2.89,-0.1611760119370493,-0.2439904272516906,0.06925849881152404,-0.39705385427230633,-1.7514743502954346,-1.1545202765748994,-0.26972479359139057,-0.86565033137847,1.2684103084570746,0.7446206480374427,-0.6043331374091132,0.8843451822661567,12.238333,-1.561593,BF
25,Burundi,0,BDI,11000000,25680.0,42.4,37.7,0.426,28.3,8.8,793.0,3.44,5.04,-1.3,1.92,-0.21455621860285293,-0.3732308840789534,0.4390768956400409,-0.9015350388319695,-1.9013471367540362,-1.4803547368466816,-0.28471482492277134,-0.9384979666153721,-0.65668797985658,0.4646210238688452,-1.1963603920168562,0.07905907564149044,-3.373056,29.918886,BI
26,Cabo Verde,1,CPV,500000,4033.0,38.55,44.6,0.662,49.3,3.6,7028.0,4.26,7.58,-0.2,1.545,-0.2846177398517202,-0.38450634824524293,-0.05188890704609396,0.014496585763208876,-0.3635220235266476,-0.13868342984522472,-0.2866932046923952,-0.666355962000582,-0.17394162009596947,1.9462857017610082,-0.11097709190266093,-0.23226287279588045,16.002082,-24.013197,CV
27,Cambodia,1,KHM,16000000,176515.0,37.9,48.0,0.593,38.5,72.2,4683.0,4.26,3.915,-0.4,2.32,-0.18119358943672567,-0.29466412482721965,-0.1347792373697269,0.4658744877376445,-0.8131403829024522,-0.8286858163031168,-0.26059381003928045,-0.7687092901195368,-0.17394162009596947,-0.19162809527630575,-0.3083195101052419,0.4111358206413526,12.565679,104.990963,KH
28,Cameroon,1,CMR,24000000,472710.0,44.6,39.9,0.576,32.1,100.7,4064.0,4.26,3.17,-0.9,1.02,-0.12781338277092202,-0.14038241795171139,0.719628782889261,-0.6094669846132175,-0.9239159207196794,-1.2375761193892751,-0.24975076707114968,-0.7957270769449666,-0.17394162009596947,-0.6262108452879835,-0.8016755556116941,-0.6681136006081996,7.369722,12.354722,CM
29,Canada,1,CAN,37000000,9093507.0,32.1,40.2,0.936,76.9,1832.1,52085.0,4.27,3.915,1.6,1.32,-0.04107054693899114,4.350008290153627,-0.8744160310267606,-0.5696395226742961,1.4219189977627782,1.6246560022138337,0.40897360468399396,1.3002683045477093,-0.16805446936718169,-0.19162809527630575,1.6651046719205675,-0.41905604185830286,56.130366,-106.346771,CA
30,Central African Republic,1,CAF,4900000,622984.0,43.6,25.2,0.404,16.1,4.6,1021.0,6.79,2.17,-1.6,1.86,-0.2552586261855282,-0.06210787172706164,0.5921051977759793,-2.561012619620337,-2.044703715105742,-2.259801877104671,-0.2863127470443906,-0.928546342388881,1.3155075142873782,-1.209543395639229,-1.4923740193207276,0.02924756389151123,6.611111,20.939444,CF
31,Chad,1,TCD,15000000,1259200.0,43.3,30.4,0.394,20.4,24.5,1591.0,3.63,2.91,-1.4,2.79,-0.18786611526995112,0.2692835778973694,0.5538481222419942,-1.8706699460123764,-2.1098657961746987,-1.9850787047186584,-0.2787416398490993,-0.9036672818226532,-0.5448321160096093,-0.7778773083793072,-1.2950316011181464,0.8013259960161909,15.454166,18.732207,TD
32,Chile,1,CHL,18000000,743812.0,50.5,45.6,0.855,62.6,496.1,29104.0,4.62,3.915,0.6,1.96,-0.16784853777027475,0.0008288762881104923,1.472017935057623,0.14725479222627824,0.8941061411042248,0.7110417312556984,-0.09931781305013558,0.2972056889819529,0.03799580614039635,-0.19162809527630575,0.6783925809076629,0.11226675014147669,-35.675147,-71.542969,CL
33,China,1,CHN,1386000000,9326410.0,46.5,41.9,0.768,50.8,24861.3,19338.0,4.13,3.57,0.8,1.74,8.960166802082146,4.47132253373109,0.9619235946044962,-0.34395057168707877,0.32719603580429796,-0.04284976505940635,9.170608872111252,-0.12905554871941674,-0.2504745795702126,-0.3928778251474855,0.8757349991102439,-0.07037545960844754,35.86166,104.195397,CN
34,Colombia,1,COL,49000000,1038700.0,51.1,60.2,0.752,49.1,753.9,16894.0,2.48,4.93,0.0,3.4,0.038999763059714296,0.1544297945247616,1.5485320861255922,2.085524606587091,0.22293670609396646,-0.1514612518166669,-0.0012358313945528122,-0.23572997683145314,-1.2218544498202217,0.400454443330208,0.08636532629992001,1.3077430321409809,4.570868,-74.297333,CO
35,Comoros,1,COM,800000,2235.0,55.9,42.4,0.558,49.3,2.7,3284.0,3.39,3.915,-1.8,1.545,-0.28261598210175254,-0.3854428883926531,2.160645294669344,-0.2775714684555441,-1.0412076666438017,-0.13868342984522472,-0.2870356165755993,-0.8297721071934888,-0.6861237335005196,-0.19162809527630575,-1.6897164375233085,-0.23226287279588045,-11.875001,43.872219,KM
36,Congo (Dem. Rep.),1,COD,81000000,2267048.0,42.1,40.5,0.479,24.8,102.5,1219.0,4.26,2.7,-1.7,0.56,0.2525205897229288,0.7942502711604806,0.4008198201060567,-0.5298120607353757,-1.5559881070885635,-1.7039666213469244,-0.24906594330474144,-0.9199041424027177,-0.17394162009596947,-0.9003771439530687,-1.5910452284220178,-1.0500018573580412,-4.038333,21.758664,CD
37,Congo (Rep.),1,COG,4500000,341500.0,48.9,47.2,0.571,32.7,18.6,3617.0,4.26,4.45,-1.6,2.91,-0.2579276365188184,-0.20872693004386497,1.2679801988763721,0.3596679225671894,-0.9564969612541581,-1.1992426534749476,-0.28098633997232636,-0.8152374981258506,-0.17394162009596947,0.12045481916161056,-1.4923740193207276,0.9009490195161497,-0.228021,15.827659,CG
38,Costa Rica,1,CRI,4900000,51060.0,48.5,62.1,0.809,58.9,109.3,23387.0,5.26,6.71,0.3,1.545,-0.2552586261855282,-0.36001097921729,1.2169707648310595,2.3377651988669226,0.5943605681870224,0.4746520247840129,-0.24647883129831025,0.04767307625015582,0.41477345278282396,1.4387863829554248,0.38237895360379137,-0.23226287279588045,9.748917,-83.753428,CR
39,Cote d'Ivoire,1,CIV,24000000,318003.0,41.5,39.6,0.55,30.5,146.3,5940.0,5.0,3.44,-0.5,1.25,-0.12781338277092202,-0.22096602005704488,0.3243056690380875,-0.649294446552138,-1.0933373314989674,-1.3397986951608147,-0.23240189832214048,-0.7138444144498028,0.2617075338343378,-0.46871105669314733,-0.40699071920653235,-0.4771694722332788,7.539989,-5.54708,CI
40,Croatia,1,HRV,4200000,55974.0,30.8,46.2,0.858,64.5,121.1,33801.0,5.07,3.915,0.6,2.74,-0.25992939426878603,-0.35745138061641474,-1.0401966916740268,0.22690971610412003,0.913654765424912,0.8324310399844016,-0.24198943105185608,0.5022178775426055,0.3029175889358535,-0.19162809527630575,0.6783925809076629,0.7598164028912083,45.1,15.2,HR
41,Cuba,1,CUB,11000000,109820.0,38.55,44.6,0.764,49.3,0.0,14723.5,5.07,3.915,-0.2,1.545,-0.21455621860285293,-0.32940413880470754,-0.05188890704609396,0.014496585763208876,0.3011312033767151,-0.13868342984522472,-0.2880628522252117,-0.33046682061916793,0.3029175889358535,-0.19162809527630575,-0.11097709190266093,-0.23226287279588045,21.521757,-77.781167,CU
42,Cyprus,1,CYP,800000,9241.0,34.8,49.4,0.896,65.9,36.7,42556.0,6.28,3.915,0.7,1.99,-0.28261598210175254,-0.38179361126653755,-0.5301023512209004,0.6517359767859414,1.1612706734869493,0.9218757937844991,-0.2741000565434433,0.884351518344929,1.0152628271191937,-0.19162809527630575,0.7770637900089533,0.13717250601646638,35.126413,33.429859,CY
43,Czech Republic,1,CZE,11000000,77247.0,38.55,46.8,0.889,71.1,425.8,44261.0,5.41,3.915,1.1,1.43,-0.21455621860285293,-0.3463707251348479,-0.05188890704609396,0.30656463998196093,1.1156572167386793,1.254099165042002,-0.12606398570485813,0.9587704626702245,0.5030807137146432,-0.19162809527630575,1.1717486264141153,-0.32773493698334083,49.817492,15.472962,CZ
44,Denmark,1,DNK,6000000,42434.0,29.0,45.3,0.948,82.0,340.8,64651.0,3.18,3.915,2.0,1.37,-0.24791884776898018,-0.36450408005797985,-1.269739144877934,0.10742733028735686,1.500113495045526,1.9504904624856159,-0.1584028857852481,1.8487424713463383,-0.8097538988050662,-0.19162809527630575,2.0597895083257294,-0.37754644873332005,56.26392,9.501785,DK
45,Djibouti,1,DJI,1000000,23180.0,40.9,44.6,0.509,49.3,5.4,5926.0,2.76,3.915,-0.8,1.545,-0.28128147693510747,-0.3745330811693458,0.24779151797011828,0.014496585763208876,-1.360501863881692,-0.13868342984522472,-0.2860083809259869,-0.7144554790952892,-1.0570142294141598,-0.19162809527630575,-0.7030043465104038,-0.23226287279588045,11.825138,42.590275,DJ
46,Dominican Republic,1,DOM,11000000,48320.0,47.1,54.8,0.767,48.1,207.1,20769.0,3.85,4.7,0.0,0.65,-0.21455621860285293,-0.36143818722836,1.0384377456724654,1.3686302916865158,0.3206798276974023,-0.21535036167387914,-0.2092700733234615,-0.06659601245578169,-0.41531479997627463,0.2662879567494219,0.08636532629992001,-0.9752845897330723,18.735693,-70.162651,DO
47,Ecuador,1,ECU,17000000,276841.0,45.9,58.8,0.74,48.1,189.9,11661.0,4.98,4.13,-0.2,2.46,-0.1745210636035002,-0.2424064347109373,0.885409443536527,1.8996631175387932,0.14474220881121783,-0.21535036167387914,-0.21581394486914043,-0.4641372118192954,0.24993323237676218,-0.0662115969507881,-0.11097709190266093,0.5273626813913045,-1.831239,-78.183406,EC
48,Egypt,1,EGY,98000000,995450.0,31.8,43.2,0.731,43.1,1263.7,13316.0,3.89,2.48,-0.4,1.3,0.3659535288877615,0.13190178486097345,-0.9126731065607452,-0.17136490328508805,0.08609633584915635,-0.5347959109599404,0.19272147755818617,-0.3919006412278796,-0.39176619706112287,-1.0287103050303428,-0.3083195101052419,-0.435659879108296,26.820553,30.802498,EG
49,El Salvador,1,SLV,6000000,20721.0,36.0,56.3,0.675,47.2,57.4,9669.0,3.6,3.39,-0.3,1.37,-0.24791884776898018,-0.37581392222745574,-0.377074049084962,1.56776760138112,-0.2788113181370032,-0.27285056054537005,-0.26622458322974835,-0.5510829813770599,-0.562493568195973,-0.4978776842107095,-0.2096483010039514,-0.37754644873332005,13.794185,-88.89653,SV
50,Equatorial Guinea,1,GNQ,800000,28051.0,38.55,44.6,0.596,49.3,23.9,18127.0,3.3,3.915,-1.2,1.31,-0.28261598210175254,-0.3719958803584253,-0.05188890704609396,0.014496585763208876,-0.793591758581765,-0.13868342984522472,-0.27896991443790203,-0.18191264055398143,-0.7391080900596112,-0.19162809527630575,-1.0976891829155655,-0.42735796048329944,1.650801,10.267895,GQ
51,Eritrea,1,ERI,5000000,101000.0,38.55,44.6,0.492,49.3,0.0,14723.5,2.2,3.915,-1.7,1.545,-0.25459137360220563,-0.3339982901396118,-0.05188890704609396,0.014496585763208876,-1.4712774016989192,-0.13868342984522472,-0.2880628522252117,-0.33046682061916793,-1.386694670226284,-0.19162809527630575,-1.5910452284220178,-0.23226287279588045,15.179384,39.782334,ER
52,Estonia,2,EST,1300000,42388.0,34.8,34.4,0.89,70.8,50.8,42192.0,2.71,3.915,1.4,2.16,-0.27927971918513983,-0.36452804048444304,-0.5301023512209004,-1.339637120160099,1.122173424845575,1.2349324320848385,-0.2687356037065786,0.8684638375622853,-1.0864499830580994,-0.19162809527630575,1.4677622537179864,0.278305122641408,58.595272,25.013607,EE
53,Eswatini,2,SWZ,1100000,17204.0,50.4,35.3,0.597,49.3,10.5,9816.0,4.45,5.0,-0.7,1.7,-0.2806142243517849,-0.3776458530942197,1.4592655765462947,-1.2201547343433368,-0.7870755504748693,-0.13868342984522472,-0.2840680469211635,-0.5446668025994538,-0.0620857562489985,0.44128772185479537,-0.6043331374091132,-0.1035831341084338,-26.522503,31.465866,SZ
54,Ethiopia,2,ETH,105000000,1000000.0,33.0,41.7,0.498,32.3,278.9,2600.0,1.63,3.915,-0.6,0.53,0.4126612097203397,0.13427178356548758,-0.7596448044248072,-0.3705022129796921,-1.4321801530575449,-1.2247982974178329,-0.1819532141967321,-0.8596269798729622,-1.7222622617671963,-0.19162809527630575,-0.5056619283078228,-1.0749076132330309,9.145,40.489673,ET
55,Fiji,2,FJI,900000,18274.0,38.55,44.6,0.73,49.0,9.9,12060.0,6.44,5.07,0.6,1.65,-0.28194872951843003,-0.3770885127395318,-0.05188890704609396,0.014496585763208876,0.07958012774226064,-0.1578501628023882,-0.2842963215099663,-0.4467218694229359,1.1094572387798007,0.4821210003793827,0.6783925809076629,-0.14509272723341662,-16.578193,179.414413,FJ
56,Finland,2,FIN,6000000,303815.0,27.2,51.3,0.94,81.3,271.2,55007.0,4.62,3.915,2.0,2.03,-0.24791884776898018,-0.2283562489844397,-1.4992815980818412,0.9039765690657731,1.4479838301903603,1.9057680855855672,-0.18488273808636743,1.4278062255556347,0.03799580614039635,-0.19162809527630575,2.0597895083257294,0.17038018051645246,61.92411,25.748151,FI
57,France,2,FRA,67000000,549970.0,29.3,51.8,0.903,73.9,3050.1,50729.0,7.56,3.915,1.3,1.95,0.15910522805777247,-0.1001393190702253,-1.2314820693439494,0.9703556722973077,1.2068841302352193,1.432988672642197,0.872371019953582,1.2410823288848936,1.768818120404049,-0.19162809527630575,1.3690910446166962,0.10396483151648012,46.227638,2.213749,FR
58,Gabon,2,GAB,1900000,257667.0,42.2,39.9,0.706,40.9,32.4,15598.0,4.47,3.18,-0.8,1.71,-0.27527620368520456,-0.2523937655154107,0.41357217861738504,-0.6094669846132175,-0.07680886682323664,-0.6753519526458075,-0.27573602442986306,-0.2922971040136132,-0.05031145479142288,-0.620377519784471,-0.7030043465104038,-0.09528121548343724,-0.803689,11.609444,GA
59,"Gambia, The",2,GMB,2100000,10120.0,50.2,44.6,0.5,49.3,5.5,2434.0,2.84,2.76,-0.6,0.75,-0.2739416985185595,-0.38133575876955556,1.4337608595236389,0.014496585763208876,-1.4191477368437533,-0.13868342984522472,-0.2859703351611865,-0.8668724606694426,-1.0099170235838562,-0.8653771909319943,-0.5056619283078228,-0.8922654034831067,13.443182,-15.310139,GM
60,Georgia,2,GEO,3700000,69700.0,40.1,44.3,0.802,55.4,57.4,16997.0,3.59,3.85,0.7,1.67,-0.26326565718539874,-0.3503017977113244,0.14577264987949326,-0.0253308761757125,0.5487471114387524,0.2510401402837701,-0.26622458322974835,-0.23123428693966108,-0.568380718924761,-0.22954471104913668,0.7770637900089533,-0.1284888899834235,42.315407,43.356892,GE
61,Germany,2,DEU,83000000,348672.0,27.0,52.7,0.942,79.6,4400.1,57928.0,4.26,3.915,1.3,1.34,0.2658656413893797,-0.20499118703094732,-1.5247863151044976,1.089838058114071,1.4610162464041516,1.797156598828306,1.3859888447597761,1.555300499088883,-0.17394162009596947,-0.19162809527630575,1.3690910446166962,-0.4024522046083097,51.165691,10.451526,DE
62,Ghana,2,GHA,29000000,227533.0,42.3,39.5,0.632,40.2,178.5,6178.0,3.39,3.915,-0.1,0.49,-0.09445075360479477,-0.2680899283641643,0.4263245371287125,-0.662570267198445,-0.5590082667335191,-0.7200743295458558,-0.22015116205639274,-0.7034563154765358,-0.6861237335005196,-0.19162809527630575,-0.012305882801370462,-1.1081152877330172,7.946527,-1.023194,GH
63,Greece,2,GRC,11000000,130647.0,36.7,48.8,0.887,64.1,313.8,31295.0,6.11,3.915,0.4,3.87,-0.21455621860285293,-0.3185557952840667,-0.28780753950566446,0.5720810529080996,1.1026248005248878,0.8068753960415164,-0.16867524228137198,0.3928373060005584,0.9151812647297988,-0.19162809527630575,0.4810501627050819,1.697933207515819,39.074208,21.824312,GR
64,Guatemala,2,GTM,17000000,107159.0,53.0,57.9,0.627,42.5,152.1,9769.0,4.26,3.3,-0.8,0.44,-0.1745210636035002,-0.33079019738772114,1.7908268978408273,1.780180731722031,-0.5915893072679977,-0.5731293768742678,-0.23019524396371385,-0.5467182339093006,-0.17394162009596947,-0.5503776137423217,-0.7030043465104038,-1.149624880858,15.783471,-90.230759,GT
65,Guinea,2,GIN,13000000,245717.0,39.4,38.1,0.465,28.3,35.4,2879.0,6.03,2.2,-0.9,1.48,-0.201211166936402,-0.2586182676074863,0.056506140300195684,-0.8484317562467419,-1.6472150205851033,-1.4803547368466816,-0.2745946514858493,-0.8474493344379139,0.8680840588994952,-1.1920434191286913,-0.8016755556116941,-0.286225343858358,9.945587,-9.696645,GN
66,Guinea-Bissau,2,GNB,1700000,28120.0,38.55,44.6,0.483,49.3,3.8,2057.0,3.08,2.71,-1.4,1.78,-0.27661070885184963,-0.3719599397187304,-0.05188890704609396,0.014496585763208876,-1.5299232746609805,-0.13868342984522472,-0.28661711316279426,-0.883327558622895,-0.8686254060929456,-0.8945438184495564,-1.2950316011181464,-0.03716778510846128,11.803749,-15.180413,GW
67,Guyana,2,GUY,800000,196849.0,44.6,44.6,0.714,42.8,17.6,24494.0,2.99,3.915,-0.2,0.96,-0.28261598210175254,-0.28407257457280416,0.719628782889261,0.014496585763208876,-0.024679201968070875,-0.5539626439171043,-0.28136679762033096,0.09599083071825087,-0.921609762652037,-0.19162809527630575,-0.11097709190266093,-0.717925112358179,4.860416,-58.93018,GY
68,Haiti,2,HTI,11000000,27560.0,60.8,38.2,0.535,24.2,32.9,3127.0,2.86,3.915,-2.2,0.19,-0.21455621860285293,-0.37225163186697835,2.7855108617244246,-0.8351559356004349,-1.1910804531024033,-1.742300087261252,-0.2755457956058608,-0.836624760717871,-0.9981427221262803,-0.19162809527630575,-2.0844012739284703,-1.3571728464829138,18.971187,-72.285215,HT
69,Honduras,2,HND,9000000,111890.0,47.1,57.7,0.621,41.9,57.3,6253.0,4.8,6.44,-0.8,1.61,-0.22790127026930382,-0.3283259196138626,1.0384377456724654,1.7536290904294176,-0.6306865559093721,-0.6114628427885952,-0.26626262899454883,-0.7001827548757164,0.143964519258579,1.281286594360589,-0.7030043465104038,-0.1783004017334027,15.199999,-86.241905,HN
70,Hungary,2,HUN,10000000,89608.0,28.2,45.4,0.846,66.1,325.5,65973.0,12.39,3.915,0.6,1.64,-0.22122874443607837,-0.3399321418411118,-1.3717580129685596,0.12070315093366399,0.8354602681421633,0.9346536157559407,-0.1642238877997183,1.9064444328701158,4.6123119224086215,-0.19162809527630575,0.6783925809076629,-0.1533946458584132,47.162494,19.503304,HU
71,Iceland,2,ISL,300000,100250.0,28.0,48.0,0.959,83.7,19.9,36753.0,4.26,3.915,1.6,1.545,-0.28595224501836525,-0.3343889492667295,-1.3972627299912157,0.4658744877376445,1.5717917842213789,2.059101949242877,-0.2804917450299204,0.631065222790859,-0.17394162009596947,-0.19162809527630575,1.6651046719205675,-0.23226287279588045,64.963051,-19.020835,IS
72,India,2,IND,1339000000,2973193.0,35.2,36.4,0.633,40.0,9301.5,7334.0,4.46,4.47,0.3,2.66,8.64655808792055,1.1620662569185312,-0.479092917175587,-1.0741207072339602,-0.5524920586266234,-0.7328521515172984,3.250763960689463,-0.6529998347492387,-0.056198605520210686,0.1321214701686352,0.38237895360379137,0.6934010538912359,20.593684,78.96288,IN
73,Indonesia,2,IDN,264000000,1811569.0,36.8,49.6,0.705,46.4,3246.2,12904.0,6.55,2.84,0.4,0.7,1.473592817203187,0.5570008997465485,-0.27505518099433696,0.6782876180785556,-0.08332507493013235,-0.3239618484311401,0.9469787647272819,-0.40988340079504776,1.1742158967964675,-0.8187105869038945,0.4810501627050819,-0.9337749966080895,-0.789275,113.921327,ID
74,Iran,2,IRN,81000000,1531595.0,44.5,43.6,0.774,48.0,1258.0,14723.5,5.55,3.59,-0.9,2.3,0.2525205897229288,0.4111683684723422,0.7068764243779326,-0.11826162069986049,0.3662932844456723,-0.22173927265960044,0.19055286896456,-0.33046682061916793,0.5855008239176741,-0.3812111741404606,-0.8016755556116941,0.3945319833913595,32.427908,53.688046,IR
75,Iraq,2,IRQ,38000000,437367.0,38.55,45.3,0.686,37.0,390.2,10409.0,2.23,3.915,-1.3,2.28,-0.03439802110576569,-0.1587918386580065,-0.05188890704609396,0.10742733028735686,-0.2071330289611503,-0.9245194810889351,-0.13960827797382147,-0.5187838501156413,-1.36903321803992,-0.19162809527630575,-1.1963603920168562,0.3779281461413664,33.223191,43.679291,IQ
76,Ireland,2,IRL,4700000,68883.0,31.3,51.1,0.945,80.3,513.7,106456.0,4.24,3.915,1.5,0.26,-0.25659313135217326,-0.35072735572046465,-0.976434899117386,0.8774249277731597,1.4805648707248389,1.841878975728355,-0.09262175844525482,3.6734251502430983,-0.1857159215535451,-0.19162809527630575,1.566433462819277,-1.2990594161079378,53.41291,-8.24389,IE
77,Israel,2,ISR,9000000,20330.0,42.8,48.2,0.919,66.5,389.4,43722.0,2.52,3.915,1.3,5.17,-0.22790127026930382,-0.3760175858523931,0.4900863296853534,0.4924261290302588,1.311143459945551,0.9602092596988261,-0.13991264409222515,0.935244473819002,-1.19830584690507,-0.19162809527630575,1.3690910446166962,2.7771826287653716,31.046051,34.851612,IL
78,Italy,3,ITA,61000000,294140.0,31.9,50.7,0.895,69.1,2477.1,45936.0,8.7,3.915,0.4,1.52,0.11907007305841974,-0.2333957517242582,-0.8999207480494172,0.8243216451879322,1.1547544653800537,1.1263209453275775,0.6543687876469532,1.031879982755192,2.4399533034858734,-0.19162809527630575,0.4810501627050819,-0.2530176693583718,41.87194,12.56738,IT
79,Jamaica,3,JAM,2800000,10831.0,35.0,57.9,0.709,49.7,27.1,10026.0,2.69,6.03,0.4,1.41,-0.26927093043530165,-0.38096541391704797,-0.5045976341982438,1.780180731722031,-0.05726024250254947,-0.11312778590233946,-0.27775244996428733,-0.5355008329171593,-1.098224284515675,1.0421202487165782,0.4810501627050819,-0.344338774233334,18.109581,-77.297508,JM
80,Japan,3,JPN,127000000,364485.0,37.9,47.1,0.925,75.2,5124.0,42940.0,4.26,3.915,1.4,1.07,0.5594567780512997,-0.19675452999479745,-0.1347792373697269,0.34639210192088227,1.3502407085869252,1.5160445154565727,1.6614021361502973,0.9011121486211245,-0.17394162009596947,-0.19162809527630575,1.4677622537179864,-0.6266040074832168,36.204824,138.252924,JP
81,Jordan,3,JOR,10000000,88802.0,39.7,43.9,0.72,48.7,102.4,10952.0,3.89,2.99,0.2,5.02,-0.22122874443607837,-0.3403519701830543,0.09476321583418075,-0.07843415876094005,0.014418046673303443,-0.1770168957595517,-0.2491039890695419,-0.49508327136570857,-0.39176619706112287,-0.7312107043512076,0.28370774450250097,2.652653849390423,30.585164,36.238414,JO
82,Kazakhstan,3,KAZ,18000000,2699700.0,26.3,38.6,0.811,57.7,494.7,28600.0,3.65,2.86,0.1,0.87,-0.16784853777027475,1.019609541381458,-1.6140528246837946,-0.7820526530152073,0.6073929844008139,0.3979850929553585,-0.09985045375734201,0.2752073617444462,-0.5330578145520334,-0.8070439358968696,0.18503653540121048,-0.792642379983148,48.019573,66.923684,KZ
83,Kenya,3,KEN,50000000,569140.0,48.5,45.2,0.575,35.4,251.4,5024.0,6.3,4.8,-0.3,1.12,0.04567228889293975,-0.09015407178109654,1.2169707648310595,0.09415150964105068,-0.9304321288265751,-1.0267420568604748,-0.19241579951685828,-0.7538255012544777,1.0270371285767692,0.3246212117845462,-0.2096483010039514,-0.585094414358234,-0.023559,37.906193,KE
84,Korea (Dem. Peopleâ€™s Rep.),3,PRK,25000000,120408.0,38.55,44.6,0.731,49.3,0.0,14723.5,3.1,3.915,-1.6,1.545,-0.12114085693769658,-0.3238890736874777,-0.05188890704609396,0.014496585763208876,0.08609633584915635,-0.13868342984522472,-0.2880628522252117,-0.33046682061916793,-0.8568511046353697,-0.19162809527630575,-1.4923740193207276,-0.23226287279588045,40.339852,127.510093,KP
85,Korea (Rep.),3,KOR,51000000,96920.0,35.7,39.8,0.925,49.3,2282.8,14723.5,2.91,3.915,1.4,2.78,0.0523448147261652,-0.33612347579113216,-0.41533112461894617,-0.6227428052595246,1.3502407085869252,-0.13868342984522472,0.5804458666396619,-0.33046682061916793,-0.9687069684823405,-0.19162809527630575,1.4677622537179864,0.7930240773911942,35.907757,127.766922,KR
86,Kosovo,3,OSA,1900000,10887.0,23.2,44.6,0.731,49.3,20.9,46918.0,3.92,3.915,-0.2,0.94,-0.27527620368520456,-0.3809362447022232,-2.0093759385349683,0.014496585763208876,0.08609633584915635,-0.13868342984522472,-0.2801112873819158,1.074741802888588,-0.3741047448747592,-0.19162809527630575,-0.11097709190266093,-0.7345289496081722,42.602636,20.902977,XK
87,Kuwait,3,KWT,4200000,17818.0,38.55,33.3,0.831,65.7,210.1,14723.5,4.12,6.55,0.0,6.69,-0.25992939426878603,-0.3773260334888194,-0.05188890704609396,-1.4856711472694755,0.7377171465387276,0.9090979718130564,-0.20812870037944775,-0.33046682061916793,-0.2563617302990004,1.3454531748992256,0.08636532629992001,4.039074259764848,29.31166,47.481766,KW
88,Kyrgyzstan,3,KGZ,6000000,191801.0,33.4,53.7,0.692,45.4,32.2,5288.0,3.76,5.37,-0.7,1.67,-0.24791884776898018,-0.2867019709377245,-0.7086353703794946,1.2225962645771402,-0.1680357803197767,-0.38785095828835237,-0.2758121159594639,-0.7423025679395933,-0.46829915653536625,0.6571207654847562,-0.6043331374091132,-0.1284888899834235,41.20438,74.766098,KG
89,Laos,3,LAO,7000000,230800.0,36.7,42.8,0.607,37.8,58.3,8674.0,4.26,2.23,-0.6,1.545,-0.24124632193575474,-0.2663882172064395,-0.28780753950566446,-0.22446818587031653,-0.7219134694059122,-0.8734081932031655,-0.26588217134654424,-0.5945122186812646,-0.17394162009596947,-1.174543442618154,-0.5056619283078228,-0.23226287279588045,19.85627,102.495496,LA
90,Latvia,3,LVA,2000000,62249.0,34.5,34.1,0.863,66.1,59.7,34469.0,1.88,3.915,0.9,2.28,-0.274608951101882,-0.35418286591952985,-0.5683594267548846,-1.3794645820990195,0.9462358059593906,0.9346536157559407,-0.26534953063933775,0.5313743906272373,-1.5750834935474978,-0.19162809527630575,0.9744062082115342,0.3779281461413664,56.879635,24.603189,LV
91,Lebanon,3,LBN,4600000,10230.0,38.55,39.0,0.706,44.8,65.9,10691.0,4.61,2.59,-1.3,1.545,-0.25726038393549583,-0.3812784620975783,-0.05188890704609396,-0.7289493704299798,-0.07680886682323664,-0.4261844242026798,-0.26299069322170937,-0.5064752622565603,0.03210865541160854,-0.9645437244917059,-1.1963603920168562,-0.23226287279588045,33.854721,35.862285,LB
92,Lesotho,3,LSO,1900000,30355.0,63.2,27.3,0.514,29.5,5.3,2682.0,4.25,8.7,-0.9,1.29,-0.27527620368520456,-0.37079577551991966,3.0915674659963015,-2.282220386047891,-1.3279208233472133,-1.403687805018027,-0.2860464266907874,-0.8560478869493996,-0.1798287708247573,2.5996181581544024,-0.8016755556116941,-0.4439617977332926,-29.609988,28.233608,LS
93,Liberia,3,LBR,4400000,96320.0,32.0,46.0,0.481,30.6,7.3,1553.0,6.39,2.69,-1.4,0.95,-0.2585948891021409,-0.33643600309282634,-0.8871683895380889,0.2003580748115058,-1.5429556908747721,-1.3334097841750934,-0.2852855113947782,-0.9053258858604017,1.0800214851358605,-0.9062104694565813,-1.2950316011181464,-0.7262270309831755,6.428055,-9.429499,LR
94,Libya,3,LBY,6000000,1759540.0,38.55,42.7,0.718,49.3,147.9,23357.0,4.94,3.915,-1.7,1.545,-0.24791884776898018,0.5299000947801386,-0.05188890704609396,-0.23774400651662272,0.0013856304595120047,-0.13868342984522472,-0.23179316608533315,0.046363652009828046,0.22638462946161042,-0.19162809527630575,-1.5910452284220178,-0.23226287279588045,26.3351,17.228331,LY
95,Lithuania,3,LTU,2900000,62680.0,37.9,36.9,0.875,67.4,108.9,42665.0,4.26,3.915,1.1,2.02,-0.2686036778519791,-0.3539583671411462,-0.1347792373697269,-1.0077416040024256,1.0244303032421391,1.0177094585703175,-0.24663101435751209,0.8891090930847866,-0.17394162009596947,-0.19162809527630575,1.1717486264141153,0.16207826189145608,55.169438,23.881275,LT
96,Luxembourg,3,LUX,600000,2586.0,30.4,31.7,0.93,83.2,75.8,134754.0,6.75,3.915,1.7,0.63,-0.28395048726839767,-0.385260059921162,-1.09120612571934,-1.6980842776103862,1.3828217491214039,2.027157394314271,-0.25922416250646396,4.9085613886696144,1.2919589113722263,-0.19162809527630575,1.763775881021858,-0.9918884269830655,49.815273,6.129583,LU
97,Macedonia,3,MKD,2100000,25433.0,33.7,43.9,0.731,52.5,34.0,17918.0,6.26,3.915,-0.1,1.54,-0.2739416985185595,-0.3733595411514842,-0.6703782948455096,-0.07843415876094005,0.08609633584915635,0.06576172169785464,-0.2751272921930557,-0.1910349627615983,1.0034885256616175,-0.19162809527630575,-0.012305882801370462,-0.23641383210837863,41.608635,21.745275,MK
98,Madagascar,3,MDG,26000000,581540.0,41.0,44.2,0.501,31.1,42.3,1635.0,2.16,3.1,-1.0,0.77,-0.11446833110447113,-0.08369517421275034,0.2605438764814466,-0.03860669682201868,-1.4126315287368576,-1.3014652292464872,-0.27196949371461765,-0.9017467929368391,-1.4102432731414356,-0.6670441238125706,-0.9003467647129846,-0.8756615662331135,-18.766947,46.869107,MG
99,Malawi,3,MWI,19000000,94080.0,46.1,38.7,0.512,32.5,29.7,1658.0,9.64,2.91,-0.8,0.95,-0.1611760119370493,-0.3376027716858179,0.9109141605591836,-0.7687768323689002,-1.3409532395610047,-1.2120204754463901,-0.27676326007947544,-0.9007429010192545,2.99334547199194,-0.7778773083793072,-0.7030043465104038,-0.7262270309831755,-13.254308,34.301525,MW
100,Malaysia,3,MYS,32000000,328657.0,46.2,41.7,0.803,59.8,883.6,29617.0,4.39,3.92,1.0,1.06,-0.0744331761051184,-0.21541657693662872,0.923666519070512,-0.3705022129796921,0.5552633195456481,0.5321522236555039,0.04810952555164227,0.3195968434915579,-0.0974086606217264,-0.1887114325245496,1.0730774173128248,-0.6349059261082134,4.210484,101.975766,MY
101,Maldives,3,MDV,400000,298.0,38.4,44.6,0.747,49.3,9.0,18232.0,5.36,4.12,0.4,1.545,-0.28528499243504274,-0.38645183069828914,-0.07101744481308604,0.014496585763208876,0.19035566555948788,-0.13868342984522472,-0.2846387333931704,-0.17732965571283418,0.47364496007070367,-0.07204492245430043,0.4810501627050819,-0.23226287279588045,3.202778,73.22068,MV
102,Mali,3,MLI,19000000,1220190.0,40.1,39.3,0.428,29.7,46.5,2447.0,6.05,3.76,-1.2,2.82,-0.1611760119370493,0.24896409449888673,0.14577264987949326,-0.6891219084910593,-1.8883147205402449,-1.3909099830465845,-0.27037157159299835,-0.8663050434986339,0.8798583603570709,-0.2820446405807489,-1.0976891829155655,0.8262317518911805,17.570692,-3.996166,ML
103,Malta,3,MLT,400000,316.0,28.1,43.5,0.918,68.8,22.9,47714.0,4.63,3.915,0.9,0.51,-0.28528499243504274,-0.38644245487923834,-1.3845103714798874,-0.1315374413461676,1.3046272518386552,1.1071542123704141,-0.27935037208590663,1.1094851927319518,0.043882956869184156,-0.19162809527630575,0.9744062082115342,-1.0915114504830241,35.937496,14.375416,MT
104,Mauritania,4,MRT,3800000,1030700.0,37.0,34.7,0.556,28.9,24.3,5592.0,3.84,15.75,-0.7,2.38,-0.2625984046020762,0.150262763835506,-0.24955046397168026,-1.2998096582211776,-1.054240082857593,-1.4420212709323543,-0.27881773137870025,-0.7290337356376051,-0.4212019507050627,6.712112638130682,-0.6043331374091132,0.460947332391332,21.00789,-10.940835,MR
105,Mauritius,4,MUS,1300000,2030.0,35.9,51.5,0.802,60.2,25.6,22240.0,4.26,1.88,0.8,0.17,-0.27927971918513983,-0.3855496685540653,-0.38982640759629034,0.9305282103583873,0.5487471114387524,0.5577078675983891,-0.27832313643629425,-0.0023905772050429245,-0.17394162009596947,-1.37870983524109,0.8757349991102439,-1.373776683732907,-20.348404,57.552152,MU
106,Mexico,4,MEX,129000000,1943945.0,48.2,54.3,0.758,49.1,2415.7,20036.0,7.64,4.61,-0.3,0.68,0.5728018297177505,0.6259527565616612,1.1787136892970753,1.302251188454981,0.2620339547353408,-0.1514612518166669,0.6310086880594714,-0.09858961139445709,1.8159153262343524,0.2137880272178099,-0.2096483010039514,-0.9503788338580824,23.634501,-102.552784,MX
107,Moldova,4,MDA,3600000,32891.0,26.8,51.0,0.767,48.7,36.6,15637.0,5.41,6.39,-0.4,0.41,-0.2639329097687213,-0.3694748267914256,-1.5502910321271537,0.8641491071268526,0.3206798276974023,-0.1770168957595517,-0.27413810230824376,-0.29059485250118705,0.5030807137146432,1.252119966843026,-0.3083195101052419,-1.1745306367329897,47.411631,28.369885,MD
108,Mongolia,4,MNG,3000000,1553556.0,34.0,24.5,0.739,50.6,39.0,12863.0,2.51,4.94,-0.5,0.66,-0.2679364252686566,0.42260738859318503,-0.6321212193115254,-2.6539433641444856,0.13822600070432212,-0.05562758703084853,-0.2732250039530328,-0.411672947256829,-1.2041929976338581,0.40628776883372086,-0.40699071920653235,-0.9669826711080756,46.862496,103.846656,MN
109,Montenegro,4,MNE,600000,13452.0,31.9,41.3,0.832,49.3,12.8,22795.0,3.91,3.915,0.0,1.74,-0.28395048726839767,-0.3796001904874806,-0.8999207480494172,-0.42360549556492055,0.7442333546456233,-0.13868342984522472,-0.283192994330753,0.021833771241020986,-0.379991895603547,-0.19162809527630575,0.08636532629992001,-0.07037545960844754,42.708678,19.37439,ME
110,Morocco,4,MAR,36000000,446300.0,40.9,50.9,0.683,45.8,281.4,8144.0,1.87,6.75,-0.1,4.18,-0.047743072772216594,-0.15413882801461645,0.24779151797011828,0.8508732864805455,-0.22668165328183745,-0.3622953143454676,-0.18100207007672064,-0.6176453802603886,-1.5809706442762856,1.4621196849694746,-0.012305882801370462,1.9552926848907122,31.791702,-7.09262,MA
111,Mozambique,4,MOZ,30000000,786380.0,45.6,44.2,0.446,26.7,39.3,1342.0,3.3,6.26,-0.8,1.51,-0.08777822777156931,0.023001646585639603,0.8471523680025428,-0.03860669682201868,-1.771022974616122,-1.5825773126182212,-0.2731108666586314,-0.9145355030173737,-0.7391080900596112,1.1762867352973643,-0.7030043465104038,-0.26131958798336835,-18.665695,35.529562,MZ
112,Myanmar,4,MMR,53000000,676575.0,38.55,40.0,0.585,37.0,216.8,4345.0,4.25,2.14,-1.4,3.33,0.0656898663926161,-0.03419345401857446,-0.05188890704609396,-0.5961911639669104,-0.865270047757618,-0.9245194810889351,-0.20557963413781705,-0.7834621365605631,-0.1798287708247573,-1.2270433721497662,-1.2950316011181464,1.2496296017660051,21.913965,95.956223,MM
113,Namibia,4,NAM,2300000,823290.0,59.7,36.8,0.615,39.1,23.1,9805.0,3.88,9.64,0.1,3.0,-0.27260719335191436,0.042227284428192687,2.645234918099815,-1.0210174246487327,-0.6697838045507464,-0.7903523503887894,-0.2792742805563057,-0.5451469248209073,-0.39765334778991096,3.147950755484574,0.18503653540121048,0.9756662871411186,-22.95764,18.49041,
114,Nepal,4,NPL,29000000,143351.0,32.8,53.1,0.602,41.7,115.1,15103.0,4.62,4.39,-0.9,1.34,-0.09445075360479477,-0.3119385505495288,-0.7851495214474639,1.1429413406992985,-0.7544945099403907,-0.6242406647600374,-0.24427217693988362,-0.31390260397902153,0.03799580614039635,0.08545486614053555,-0.8016755556116941,-0.4024522046083097,28.394857,84.124008,NP
115,Netherlands,4,NLD,17000000,33893.0,30.3,54.9,0.941,80.3,995.2,63767.0,4.68,3.915,1.8,1.42,-0.1745210636035002,-0.36895290619759635,-1.1039584842306678,1.381906112332823,1.454500038297256,1.841878975728355,0.0905685990689543,1.8101581037313466,0.07331871051312373,-0.19162809527630575,1.8624470901231485,-0.3360368556083374,52.132633,5.291266,NL
116,New Zealand,4,NZL,4700000,264537.0,36.2,57.4,0.937,78.6,221.8,46420.0,3.23,3.915,1.4,1.37,-0.25659313135217326,-0.24881532791101243,-0.3515693320623053,1.7138016284904962,1.4284352058696739,1.733267488971094,-0.2036773458977941,1.053005360499147,-0.7803181451611266,-0.19162809527630575,1.4677622537179864,-0.37754644873332005,-40.900557,174.885971,NZ
117,Nicaragua,4,NIC,6000000,119990.0,47.1,55.2,0.667,43.5,38.6,6332.0,3.34,4.63,-0.9,0.6,-0.24791884776898018,-0.3241068010409913,1.0384377456724654,1.4217335742717443,-0.33094098299216895,-0.5092402670170556,-0.27337718701223457,-0.6967346043761865,-0.7155594871444594,0.22545467822483456,-0.8016755556116941,-1.016794182858055,12.865416,-85.207229,NI
118,Niger,4,NER,21000000,1266700.0,34.0,41.4,0.4,49.3,30.0,1310.0,4.68,3.84,-0.6,1.84,-0.1478309602705984,0.27319016916854655,-0.6321212193115254,-0.41032967491861344,-2.0707685475333246,-0.13868342984522472,-0.27664912278507403,-0.9159322222070567,0.07331871051312373,-0.23537803655264927,-0.5056619283078228,0.0126437266415181,17.607789,8.081666,NE
119,Nigeria,4,NGA,191000000,910768.0,48.8,34.1,0.535,26.5,1050.5,5459.0,3.82,3.915,-1.0,0.97,0.9864984313777287,0.08779272325753049,1.2552278403650436,-1.3794645820990195,-1.1910804531024033,-1.5953551345896637,0.111607907003608,-0.7348388497697249,-0.4329762521626386,-0.19162809527630575,-0.9003467647129846,-0.7096231937331824,9.081999,8.675277,NG
120,Norway,4,NOR,5000000,304282.0,26.8,50.9,0.961,85.3,355.3,79201.0,7.81,3.915,1.8,1.84,-0.25459137360220563,-0.22811299856795442,-1.5502910321271537,0.8508732864805455,1.5848242004351705,2.161324525014416,-0.15288624988918156,2.483813227905311,1.9159968886237473,-0.19162809527630575,1.8624470901231485,0.0126437266415181,60.472024,8.468946,NO
121,Oman,4,OMN,4000000,309500.0,38.55,44.6,0.816,62.1,155.6,14723.5,5.5,5.41,-0.1,7.34,-0.2612638994354311,-0.22539505280088742,-0.05188890704609396,0.014496585763208876,0.6399740249352918,0.6790971763270923,-0.2288636421956978,-0.33046682061916793,0.5560650702737345,0.680454067498806,-0.012305882801370462,4.578698970389624,21.512583,55.923255,OM
122,Pakistan,4,PAK,197000000,770875.0,30.7,45.1,0.544,27.9,1204.9,5878.0,3.58,2.51,-0.4,3.83,1.0265335863770815,0.014925420231026072,-1.0529490501853553,0.08087568899474355,-1.1324345801403417,-1.5059103807895666,0.17035056785551642,-0.7165505578798136,-0.5742678696535489,-1.0112103285198055,-0.3083195101052419,1.6647255330158328,30.375321,69.345116,PK
123,Panama,4,PAN,4000000,74340.0,50.7,57.9,0.805,54.5,126.4,31680.0,8.81,3.91,0.2,1.545,-0.2612638994354311,-0.3478849199115561,1.4975226520802798,1.780180731722031,0.5682957357594396,0.19353994141227912,-0.23997300551743178,0.4096415837514315,2.504711961502541,-0.19454475802806193,0.28370774450250097,-0.23226287279588045,8.537981,-80.782127,PA
124,Papua New Guinea,4,PNG,8000000,452860.0,50.9,44.6,0.558,49.3,36.9,4445.0,2.51,3.915,-0.9,0.38,-0.2345737961025293,-0.15072186284942687,1.5230273691029355,0.014496585763208876,-1.0412076666438017,-0.13868342984522472,-0.2740239650138424,-0.7790973890928038,-1.2041929976338581,-0.19162809527630575,-0.8016755556116941,-1.1994363926079794,-6.314993,143.95555,PG
125,Paraguay,4,PRY,7000000,397302.0,51.7,47.6,0.717,46.2,91.8,13976.0,3.97,3.3,-0.6,0.97,-0.24124632193575474,-0.17966084922863476,1.6250462371935614,0.41277120515241694,-0.005130577647383715,-0.3367396704025823,-0.25313684013839055,-0.3630933079406684,-0.34466899123081934,-0.5503776137423217,-0.5056619283078228,-0.7096231937331824,-23.442503,-58.443832,PY
126,Peru,4,PER,32000000,1279996.0,45.3,55.9,0.762,49.3,421.9,13895.0,4.94,4.25,-0.3,1.12,-0.0744331761051184,0.2801157741740894,0.8088952924685577,1.5146643187958924,0.28809878716292364,-0.13868342984522472,-0.12754777053207603,-0.3666287533895534,0.22638462946161042,0.003788309091361395,-0.2096483010039514,-0.585094414358234,-9.189967,-75.015152,PE
127,Philippines,4,PHL,105000000,298170.0,44.4,57.1,0.699,44.5,921.8,9120.0,12.75,3.88,0.1,1.04,0.4126612097203397,-0.23129661001454568,0.6941240658666044,1.673974166551576,-0.12242232357150666,-0.4453511571598433,0.0626430077054175,-0.5750454449750583,4.824249348644988,-0.21204473453859943,0.18503653540121048,-0.6515097633582065,12.879721,121.774017,PH
128,Poland,4,POL,38000000,304255.0,30.8,45.0,0.876,67.7,1298.3,37503.0,4.26,3.915,0.3,2.12,-0.03439802110576569,-0.22812706229653065,-1.0401966916740268,0.06759986834843643,1.030946511349035,1.036876191527481,0.20588531217914488,0.6638008287990534,-0.17394162009596947,-0.19162809527630575,0.38237895360379137,0.2450974481414217,51.919438,19.145136,PL
129,Portugal,4,PRT,10000000,91470.0,33.9,46.3,0.866,70.8,345.2,35888.0,6.19,3.915,1.0,2.07,-0.22122874443607837,-0.3389622654481876,-0.6448735778228538,0.24018553675042623,0.9657844302800778,1.2349324320848385,-0.15672887213402792,0.5933101571947413,0.9622784705601023,-0.19162809527630575,1.0730774173128248,0.2035878550164387,39.399872,-8.224454,PT
130,Qatar,5,QAT,2600000,11586.0,38.55,24.3,0.855,70.8,249.5,93521.0,4.26,3.23,1.1,4.81,-0.2706054356019467,-0.3805721503957495,-0.05188890704609396,-2.6804950054370993,0.8941061411042248,1.2349324320848385,-0.19313866904806698,3.108845065288438,-0.17394162009596947,-0.5912108922669088,1.1717486264141153,2.478313558265495,25.354826,51.183884,QA
131,Romania,5,ROU,20000000,229891.0,27.3,46.2,0.821,60.0,589.8,35414.0,4.26,3.915,-0.1,1.95,-0.15450348610382383,-0.2668616960685062,-1.486529239570513,0.22690971610412003,0.6725550654697704,0.5449300456269465,-0.06366893143210571,0.5726212541975624,-0.17394162009596947,-0.19162809527630575,-0.012305882801370462,0.10396483151648012,45.943161,24.96676,RO
132,Russia,5,RUS,144000000,16377742.0,41.2,34.9,0.822,57.0,4080.3,32803.0,1.93,3.915,-0.2,4.08,0.6728897172161323,8.14421213924736,0.28604859350410333,-1.2732580169285643,0.6790712735766661,0.35326271605530973,1.2643184889279089,0.45865769781436805,-1.5456477399035584,-0.19162809527630575,-0.11097709190266093,1.8722734986407468,61.52401,105.318756,RU
133,Rwanda,5,RWA,12000000,24668.0,50.4,39.2,0.534,38.0,30.1,2494.0,4.26,3.82,0.3,1.55,-0.20788369276962748,-0.37375801346114423,1.4592655765462947,-0.7023977291373655,-1.197596661209299,-0.8606303712317229,-0.2766110770202736,-0.864253612188787,-0.17394162009596947,-0.24704468755967418,0.38237895360379137,-0.22811191348338208,-1.940278,29.873888,RW
134,Saudi Arabia,5,SAU,33000000,2149690.0,45.9,41.6,0.875,62.6,1594.0,49551.0,5.01,7.81,0.5,6.59,-0.06776065027189296,0.7331209727067731,0.885409443536527,-0.3837780336259992,1.0244303032421391,0.7110417312556984,0.31838663869410155,1.1896656037146895,0.26759468456312563,2.0804521883417944,0.5797213718063724,3.9560550735148823,23.885942,45.079162,SA
135,Senegal,5,SEN,16000000,192530.0,40.3,51.2,0.511,38.4,59.0,3769.0,7.64,5.5,0.1,1.76,-0.18119358943672567,-0.28632225026616603,0.17127736690214906,0.8907007484194669,-1.3474694476679006,-0.8350747272888381,-0.265615850992941,-0.8086030819748564,1.8159153262343524,0.7329539970304181,0.18503653540121048,-0.05377162235845442,14.497401,-14.452362,SN
136,Serbia,5,SRB,7000000,77474.0,38.7,53.2,0.802,54.9,135.3,21432.0,4.86,3.62,0.0,2.09,-0.24124632193575474,-0.34625248563904026,-0.032760369279100976,1.1562171613456056,0.5487471114387524,0.21909558535516394,-0.23658693245019097,-0.03765773674453777,0.1792874236313069,-0.3637111976299231,0.08636532629992001,0.22019169226643184,44.016521,21.005859,RS
137,Sierra Leone,5,SLE,8000000,71620.0,34.0,29.0,0.477,32.9,13.5,1816.0,4.26,8.81,-1.1,0.61,-0.2345737961025293,-0.34930171034590307,-0.6321212193115254,-2.0565314350606734,-1.5690205233023549,-1.1864648315035053,-0.28292667397714977,-0.8938466000201949,-0.17394162009596947,2.66378473869304,-0.9990179738142752,-1.0084922642330585,8.460555,-11.779889,SL
138,Singapore,5,SGP,6000000,709.2,45.9,45.5,0.939,81.8,578.3,116486.0,4.26,2.51,2.3,2.98,-0.24791884776898018,-0.3862376453208614,0.885409443536527,0.1339789715799711,1.4414676220834646,1.9377126405141731,-0.06804419438415847,4.111209321259352,-0.17394162009596947,-1.0112103285198055,2.3558031356296008,0.9590624498911255,1.352083,103.819836,SG
139,Slovakia,5,SVK,5000000,48105.0,23.7,46.6,0.848,67.4,171.6,33010.0,5.71,3.915,0.5,1.71,-0.25459137360220563,-0.3615501761781338,-1.9456141459783274,0.2800129986893476,0.8484926843559548,1.0177094585703175,-0.22277631982762439,0.4676927250726297,0.6796952355782812,-0.19162809527630575,0.5797213718063724,-0.09528121548343724,48.669026,19.699024,SK
140,Slovenia,5,SVN,2100000,20151.0,24.4,47.9,0.918,72.6,84.2,43625.0,3.3,3.915,1.2,1.22,-0.2739416985185595,-0.3761108231640652,-1.85634763639903,0.4525986670913374,1.3046272518386552,1.3499328298278204,-0.25602831826322536,0.9310106687752755,-0.7391080900596112,-0.19162809527630575,1.2704198355154057,-0.5020752281082685,46.151241,14.995463,SI
141,Solomon Islands,5,SLB,600000,27986.0,38.55,44.6,0.564,49.3,832.1,2656.0,2.97,12.75,-0.9,1.545,-0.28395048726839767,-0.37202973748277546,-0.05188890704609396,0.014496585763208876,-1.002110418002428,-0.13868342984522472,0.028515956679405985,-0.857182721291017,-0.9333840641096128,4.962114987076946,-0.8016755556116941,-0.23226287279588045,-9.64571,160.156194,SB
142,Somalia,5,SOM,15000000,627337.0,38.55,44.6,0.731,49.3,1.7,1302.0,4.26,3.915,-2.1,1.545,-0.18786611526995112,-0.059840486153270436,-0.05188890704609396,0.014496585763208876,0.08609633584915635,-0.13868342984522472,-0.2874160742236039,-0.9162814020044775,-0.17394162009596947,-0.19162809527630575,-1.9857300648271798,-0.23226287279588045,5.152149,46.199616,SO
143,South Africa,5,ZAF,57000000,1214470.0,62.5,36.2,0.713,38.5,19.4,14420.0,3.99,6.19,0.0,1.545,0.09237996972551793,0.245984667556069,3.002300956417004,-1.1006723485265735,-0.031195410074966592,-0.8286858163031168,-0.2806819738539227,-0.3437138291838173,-0.3328946897732435,1.1354534567727774,0.08636532629992001,-0.23226287279588045,-30.559482,22.937506,ZA
144,South Sudan,5,SSD,13000000,644329.0,46.0,44.6,0.385,49.3,788.1,14723.5,4.1,3.915,-2.4,2.37,-0.201211166936402,-0.050989712969291515,0.8981618020478552,0.014496585763208876,-2.1685116691367603,-0.13868342984522472,0.011775820167204114,-0.33046682061916793,-0.2681360317565765,-0.19162809527630575,-2.281743692131051,0.45264541376633566,12.862807,30.217636,SSD
145,Spain,5,ESP,47000000,498980.0,35.9,52.3,0.905,71.8,1803.0,40775.0,4.26,3.915,0.9,1.37,0.02565471139326339,-0.12669893092586826,-0.38982640759629034,1.0367347755288423,1.219916546449011,1.2988215419420508,0.3979022871270605,0.8066153659441365,-0.17394162009596947,-0.19162809527630575,0.9744062082115342,-0.37754644873332005,40.463667,-3.74922,ES
146,Sri Lanka,5,LKA,21000000,64630.0,39.2,46.8,0.782,49.3,284.9,14127.0,4.26,1.93,-0.1,1.88,-0.1478309602705984,-0.35294265341064013,0.031001423277539884,0.30656463998196093,0.41842294930083807,-0.13868342984522472,-0.1796704683087046,-0.35650253926435194,-0.17394162009596947,-1.3495432077235279,-0.012305882801370462,0.04585140114150417,7.873054,80.771797,LK
147,Sudan,5,SDN,41000000,1861484.0,38.55,39.6,0.508,26.5,172.4,4217.0,3.12,3.915,-1.6,1.02,-0.014380443606089328,0.5830005668533228,-0.05188890704609396,-0.649294446552138,-1.3670180719885876,-1.5953551345896637,-0.22247195370922074,-0.7890490133192949,-0.8450768031777939,-0.19162809527630575,-1.4923740193207276,-0.6681136006081996,12.862807,30.217636,SD
148,Suriname,5,SUR,600000,156000.0,38.55,44.6,0.73,52.7,9.0,16676.0,2.67,5.01,-0.6,1.545,-0.28395048726839767,-0.3053499541509795,-0.05188890704609396,0.014496585763208876,0.07958012774226064,0.07853954366929727,-0.2846387333931704,-0.24524512631116832,-1.109998585973251,0.4471210473583077,-0.5056619283078228,-0.23226287279588045,3.919305,-56.027783,SR
149,Sweden,5,SWE,10000000,410335.0,24.9,50.5,0.947,81.9,552.6,59324.0,5.44,3.915,1.7,1.28,-0.22122874443607837,-0.17287223535700122,-1.7925858438423894,0.7977700038953179,1.4935972869386303,1.944101551499895,-0.07782195593787636,1.6162323737388025,0.5207421659010072,-0.19162809527630575,1.763775881021858,-0.4522637163582891,60.128161,18.643501,SE
150,Switzerland,5,CHE,8000000,39997.0,29.5,60.1,0.962,83.8,615.7,77324.0,3.88,3.915,2.0,0.71,-0.2345737961025293,-0.36577346178169434,-1.205977352321293,2.072248785940784,1.5913404085420662,2.0654908602285977,-0.05381507834878685,2.4018869179354696,-0.39765334778991096,-0.19162809527630575,2.0597895083257294,-0.925473077983093,46.818188,8.227512,CH
151,Syria,5,SYR,18000000,183630.0,38.55,44.6,0.577,49.3,0.0,14723.5,4.26,3.915,-1.7,1.545,-0.16784853777027475,-0.2909580719079629,-0.05188890704609396,0.014496585763208876,-0.9173997126127837,-0.13868342984522472,-0.2880628522252117,-0.33046682061916793,-0.17394162009596947,-0.19162809527630575,-1.5910452284220178,-0.23226287279588045,34.802075,38.996815,SY
152,Taiwan,5,TWN,24000000,32260.0,33.6,43.2,0.731,49.3,0.0,14723.5,4.26,3.915,1.470059156,1.74,-0.12781338277092202,-0.36980350133704065,-0.683130653356838,-0.17136490328508805,0.08609633584915635,-0.13868342984522472,-0.2880628522252117,-0.33046682061916793,-0.17394162009596947,-0.19162809527630575,1.536890470029346,-0.07037545960844754,23.69781,120.960515,TW
153,Tajikistan,5,TJK,9000000,141510.0,32.6,55.2,0.685,41.3,38.1,4288.0,4.7,5.71,-0.6,1.01,-0.22790127026930382,-0.3128974884868937,-0.8106542384701196,1.4217335742717443,-0.213649237068046,-0.6497963087029227,-0.2735674158362369,-0.7859500426171858,0.08509301197069986,0.8554538326041795,-0.5056619283078228,-0.6764155192331962,38.861034,71.276093,TJ
154,Tanzania,5,TZA,57000000,885800.0,37.6,37.0,0.549,36.0,159.3,2933.0,4.92,3.3,-0.6,1.07,0.09237996972551793,0.07478742047636372,-0.17303631290371105,-0.9944657833561185,-1.099853539605863,-0.9884085909461474,-0.22745594889808085,-0.8450923708053238,0.2146103280040343,-0.5503776137423217,-0.5056619283078228,-0.6266040074832168,-6.369028,34.888822,TZ
155,Thailand,5,THA,69000000,510890.0,44.5,52.9,0.8,52.4,1223.1,19209.0,4.26,2.97,0.3,1.32,0.17245027972422336,-0.12049526398723896,0.7068764243779326,1.1163896994066842,0.535714695224961,0.05937281071213333,0.17727489704919985,-0.1346860729528262,-0.17394162009596947,-0.7428773553582325,0.38237895360379137,-0.41905604185830286,15.870032,100.992541,TH
156,Timor-Leste,6,TLS,1200000,14874.0,31.9,44.6,0.607,49.3,5.4,4418.0,4.06,3.915,-0.8,1.14,-0.2799469717684624,-0.37885950078246544,-0.8999207480494172,0.014496585763208876,-0.7219134694059122,-0.13868342984522472,-0.2860083809259869,-0.7802758709090988,-0.2916846346717283,-0.19162809527630575,-0.7030043465104038,-0.568490577108241,-8.874217,125.727539,TL
157,Togo,6,TGO,8000000,54385.0,46.0,37.3,0.539,34.9,18.4,2380.0,4.26,3.99,-0.6,1.78,-0.2345737961025293,-0.35827905708706814,0.8981618020478552,-0.9546383214171981,-1.1650156206748203,-1.058686611789081,-0.2810624315019273,-0.8692294243020326,-0.17394162009596947,-0.14787815399996226,-0.5056619283078228,-0.03716778510846128,8.619543,0.824782,TG
158,Trinidad and Tobago,6,TTO,1400000,5128.0,38.55,31.6,0.81,58.7,34.3,26868.0,3.7,4.1,0.2,0.89,-0.27861246660181727,-0.38393598591965106,-0.05188890704609396,-1.7113600982566928,0.6008767762939182,0.46187420281257074,-0.27501315489865436,0.19960993560285578,-0.5036220609080936,-0.08371157346132561,0.28370774450250097,-0.7760385427331549,10.691803,-61.222503,TT
159,Tunisia,6,TUN,12000000,155360.0,40.0,43.9,0.731,49.3,126.0,11595.0,3.87,3.915,-0.2,2.83,-0.20788369276962748,-0.3056833166061199,0.1330202913681649,-0.07843415876094005,0.08609633584915635,-0.13868342984522472,-0.24012518857663362,-0.4670179451480165,-0.4035404985186988,-0.19162809527630575,-0.11097709190266093,0.8345336705161772,33.886917,9.537499,TN
160,Turkiye,6,TUR,81000000,769632.0,40.2,41.3,0.838,53.3,2657.8,30472.0,4.26,3.915,-0.1,2.06,0.2525205897229288,0.014277967837682981,0.15852500839082162,-0.42360549556492055,0.7833306032869977,0.11687300958362426,0.7231174846413824,0.3569154343408996,-0.17394162009596947,-0.19162809527630575,-0.012305882801370462,0.19528593639144232,38.963745,35.243322,TR
161,Turkmenistan,6,TKM,6000000,469930.0,40.8,33.0,0.745,49.3,92.3,14723.5,4.26,3.12,-0.9,1.545,-0.24791884776898018,-0.1418304611162277,0.23503915945878992,-1.525498609208396,0.17732324934569643,-0.13868342984522472,-0.2529466113143882,-0.33046682061916793,-0.17394162009596947,-0.6553774728055457,-0.8016755556116941,-0.23226287279588045,38.969719,59.556278,TM
162,Uganda,6,UGA,43000000,197100.0,39.5,44.8,0.525,30.9,102.9,2398.0,4.26,2.67,-0.6,2.42,-0.001035391939638422,-0.2839418339849288,0.06925849881152404,0.04104822705582218,-1.2562425341713603,-1.31424305121793,-0.2489137602455396,-0.8684437697578359,-0.17394162009596947,-0.9178771204636063,-0.5056619283078228,0.49415500689131825,1.373333,32.290275,UG
163,Ukraine,6,UKR,45000000,579330.0,25.5,40.9,0.773,52.5,535.6,14220.0,4.26,5.44,-0.4,3.23,0.012309659726812484,-0.08484631644065721,-1.7160716927744202,-0.4767087781501481,0.3597770763387766,0.06576172169785464,-0.08428973595395435,-0.3524433241193358,-0.17394162009596947,0.6979540440093436,-0.3083195101052419,1.1666104155160395,48.379433,31.16558,UA
164,United Arab Emirates,6,ARE,9000000,83600.0,38.55,34.3,0.911,70.4,626.1,14723.5,4.26,3.88,1.4,1.545,-0.22790127026930382,-0.34306158188874275,-0.05188890704609396,-1.352912940806406,1.2590137950903852,1.2093767881419542,-0.04985831880953914,-0.33046682061916793,-0.17394162009596947,-0.21204473453859943,1.4677622537179864,-0.23226287279588045,23.424076,53.847818,AE
165,United Kingdom,6,GBR,66000000,241930.0,32.4,56.0,0.929,74.6,3086.2,49675.0,4.26,3.915,1.3,2.22,0.152432702224547,-0.26059083576001263,-0.8361589554927764,1.5279401394421994,1.3763055410145082,1.477711049542245,0.8861055410465478,1.195077890574711,-0.17394162009596947,-0.19162809527630575,1.3690910446166962,0.32811663439138733,55.378051,-3.435973,GB
166,United States,6,USA,326000000,9147593.0,45.0,37.4,0.921,76.0,20932.3,69288.0,4.26,3.915,1.3,3.48,1.887289418863165,4.378180542886013,0.7706382169345736,-0.9413625007708909,1.3241758761593423,1.5671558033423423,7.675790773101225,2.0511358114263354,-0.17394162009596947,-0.19162809527630575,1.3690910446166962,1.3741583811409535,37.09024,-95.712891,US
167,Uruguay,6,URY,3500000,175015.0,41.6,57.5,0.809,64.2,78.1,24625.0,4.26,4.7,0.8,2.26,-0.2646001623520438,-0.29544544308145504,0.33705802754941583,1.7270774491368035,0.5943605681870224,0.8132643070272381,-0.25834910991605337,0.1017086499010155,-0.17394162009596947,0.2662879567494219,0.8757349991102439,0.36132430889137324,-32.522779,-55.765835,UY
168,Uzbekistan,6,UZB,32000000,425400.0,36.8,54.1,0.727,43.1,270.1,8497.0,4.26,4.92,-0.2,1.545,-0.0744331761051184,-0.16502519569029675,-0.27505518099433696,1.2756995471623678,0.06003150342157348,-0.5347959109599404,-0.18530124149917246,-0.6022378216991985,-0.17394162009596947,0.39462111782669573,-0.11097709190266093,-0.23226287279588045,41.377491,64.585262,UZ
169,Venezuela,6,VEN,32000000,882050.0,39.0,48.9,0.691,43.1,0.0,14723.5,4.26,3.915,-1.9,1.545,-0.0744331761051184,0.07283412484077516,0.005496706254883177,0.5853568735544068,-0.1745519884266724,-0.5347959109599404,-0.2880628522252117,-0.33046682061916793,-0.17394162009596947,-0.19162809527630575,-1.7883876466245987,-0.23226287279588045,6.42375,-66.58973,VE
170,Vietnam,6,VNM,96000000,310070.0,34.8,48.4,0.703,50.8,1032.4,11553.0,4.26,4.06,0.3,1.545,0.3526084772213106,-0.22509815186427798,-0.5301023512209004,0.5189777703228721,-0.09635749114392379,-0.04284976505940635,0.10472162357472499,-0.4688511390844754,-0.17394162009596947,-0.10704487547537545,0.38237895360379137,-0.23226287279588045,14.058324,108.277199,VN
171,Yemen,6,YEM,28000000,527968.0,37.9,44.6,0.455,23.9,0.0,14723.5,4.26,3.915,-2.3,1.545,-0.10112327943802021,-0.11159969522335055,-0.1347792373697269,0.014496585763208876,-1.7123771016540603,-1.7614668202184156,-0.2880628522252117,-0.33046682061916793,-0.17394162009596947,-0.19162809527630575,-2.1830724830297603,-0.23226287279588045,15.552727,48.516388,YE
172,Zambia,6,ZMB,17000000,743398.0,57.5,34.4,0.565,33.2,62.4,3624.0,4.26,3.7,-0.8,1.3,-0.1745210636035002,0.0006132324499415144,2.3646830308505953,-1.339637120160099,-0.9955942098955324,-1.1672980985463415,-0.2643222949897254,-0.8149319658031073,-0.17394162009596947,-0.3170445936018234,-0.7030043465104038,-0.435659879108296,-13.133897,27.849332,ZM
173,Zimbabwe,6,ZWE,17000000,386847.0,43.2,28.6,0.593,29.7,33.6,2444.0,4.26,3.915,-1.2,0.01,-0.1745210636035002,-0.1851066374606557,0.5410957637306668,-2.1096347176459007,-0.8131403829024522,-1.3909099830465845,-0.27527947525225754,-0.8664359859226667,-0.17394162009596947,-0.19162809527630575,-1.0976891829155655,-1.5066073817328518,-19.015438,29.154857,ZW
